AIRS_IndSpeed,AIRS_TrueSpeed,AIRS_AirTemp,AIRS_Conf
1.5685750246047974,1.6188697814941406,30.78499984741211,1.0
1.7778915166854858,1.8348371982574463,30.779998779296875,1.0
1.6646027565002441,1.7178632020950317,30.760000228881836,1.0
1.725962519645691,1.7812888622283936,30.795000076293945,1.0
1.7037652730941772,1.758388876914978,30.795000076293945,1.0
1.5526914596557617,1.6024187803268433,30.774999618530273,1.0
1.4534388780593872,1.5001083612442017,30.829999923706055,1.0
1.4848991632461548,1.53252112865448,30.795000076293945,1.0
1.6142992973327637,1.666019082069397,30.78499984741211,1.0
1.552211880683899,1.6019161939620972,30.774999618530273,1.0
1.7083832025527954,1.7631059885025024,30.774999618530273,1.0
1.547519326210022,1.5970841646194458,30.76999855041504,1.0
1.3612241744995117,1.4048197269439697,30.774999618530273,1.0
1.5217746496200562,1.5705045461654663,30.774999618530273,1.0
1.777534008026123,1.8345023393630981,30.78499984741211,1.0
1.8182711601257324,1.876603603363037,30.809999465942383,1.0
1.6908822059631348,1.745004653930664,30.7549991607666,1.0
1.6412246227264404,1.6938968896865845,30.80499839782715,1.0
1.5953137874603271,1.6464557647705078,30.78999900817871,1.0
1.6518124341964722,1.7047035694122314,30.779998779296875,1.0
1.5698153972625732,1.6201725006103516,30.78999900817871,1.0
1.448397159576416,1.4948195219039917,30.795000076293945,1.0
1.5730483531951904,1.6234792470932007,30.799999237060547,1.0
1.4864091873168945,1.5340574979782104,30.795000076293945,1.0
1.3654675483703613,1.4093319177627563,30.834999084472656,1.0
1.4888969659805298,1.5365796089172363,30.779998779296875,1.0
1.4791312217712402,1.5265415906906128,30.78999900817871,1.0
1.5275498628616333,1.576488971710205,30.774999618530273,1.0
1.474461317062378,1.5217698812484741,30.799999237060547,1.0
1.6042698621749878,1.6556968688964844,30.795000076293945,1.0
1.530962586402893,1.5800186395645142,30.78999900817871,1.0
1.6928116083145142,1.747007966041565,30.764999389648438,1.0
1.6260675191879272,1.6781492233276367,30.76999855041504,1.0
1.502756118774414,1.5508625507354736,30.774999618530273,1.0
1.4068489074707031,1.4518376588821411,30.739999771118164,1.0
1.4837850332260132,1.5313552618026733,30.78499984741211,1.0
1.4599831104278564,1.5067778825759888,30.779998779296875,1.0
1.5252254009246826,1.5740385055541992,30.7549991607666,1.0
1.4772233963012695,1.524505615234375,30.760000228881836,1.0
1.7287404537200928,1.7841346263885498,30.774999618530273,1.0
0.0,0.0,30.774999618530273,1.0
1.381581425666809,1.425849437713623,30.779998779296875,1.0
1.688226342201233,1.7424547672271729,30.814998626708984,1.0
1.6802723407745361,1.7340742349624634,30.7549991607666,1.0
1.6304364204406738,1.6826225519180298,30.774999618530273,1.0
1.9257302284240723,1.9875580072402954,30.814998626708984,1.0
1.959222435951233,2.0219593048095703,30.764999389648438,1.0
1.9526077508926392,2.015169620513916,30.76999855041504,1.0
1.5922925472259521,1.6434098482131958,30.809999465942383,1.0
1.7335608005523682,1.789201021194458,30.814998626708984,1.0
1.6845052242279053,1.7384282350540161,30.764999389648438,1.0
1.6890040636062622,1.743105411529541,30.779998779296875,1.0
1.6902942657470703,1.7443970441818237,30.760000228881836,1.0
1.8012558221817017,1.8590143918991089,30.78499984741211,1.0
1.7278271913528442,1.7831460237503052,30.764999389648438,1.0
1.5579206943511963,1.607772946357727,30.76999855041504,1.0
1.9821890592575073,2.045658826828003,30.7549991607666,1.0
2.103896141052246,2.1712229251861572,30.764999389648438,1.0
2.0945568084716797,2.161756753921509,30.779998779296875,1.0
1.955339789390564,2.0181162357330322,30.80499839782715,1.0
1.8166128396987915,1.8748277425765991,30.7549991607666,1.0
1.8740416765213013,1.934064507484436,30.774999618530273,1.0
1.6533712148666382,1.706210970878601,30.739999771118164,1.0
1.7378191947937012,1.7935235500335693,30.774999618530273,1.0
1.792397141456604,1.8498936891555786,30.795000076293945,1.0
1.635797142982483,1.6881977319717407,30.774999618530273,1.0
1.677760124206543,1.7315309047698975,30.774999618530273,1.0
1.7481383085250854,1.8041526079177856,30.779998779296875,1.0
1.726919174194336,1.7822070121765137,30.7549991607666,1.0
1.7065645456314087,1.7612237930297852,30.774999618530273,1.0
1.6729916334152222,1.7265784740447998,30.76999855041504,1.0
1.7777118682861328,1.834617018699646,30.7549991607666,1.0
1.6908613443374634,1.7450783252716064,30.78999900817871,1.0
1.6418834924697876,1.6944299936294556,30.744998931884766,1.0
1.6106070280075073,1.6622179746627808,30.774999618530273,1.0
1.6510707139968872,1.7040090560913086,30.795000076293945,1.0
1.6575567722320557,1.7107961177825928,30.809999465942383,1.0
1.6526520252227783,1.70558762550354,30.76999855041504,1.0
1.552611231803894,1.60232675075531,30.76999855041504,1.0
1.3961763381958008,1.4408373832702637,30.760000228881836,1.0
1.4250355958938599,1.4707367420196533,30.774999618530273,1.0
1.4241119623184204,1.469730019569397,30.779998779296875,1.0
1.4718471765518188,1.5189718008041382,30.764999389648438,1.0
1.4141463041305542,1.4594427347183228,30.76999855041504,1.0
1.489880084991455,1.5376276969909668,30.779998779296875,1.0
1.4810117483139038,1.528480887413025,30.7549991607666,1.0
1.6179383993148804,1.6697931289672852,30.774999618530273,1.0
1.5207661390304565,1.56942880153656,30.760000228881836,1.0
1.3643295764923096,1.408035159111023,30.774999618530273,1.0
1.4848684072494507,1.5324631929397583,30.779998779296875,1.0
0.0,0.0,30.774999618530273,1.0
1.5676463842391968,1.6178306341171265,30.764999389648438,1.0
1.5654844045639038,1.615557074546814,30.739999771118164,1.0
1.652135968208313,1.7049238681793213,30.73499870300293,1.0
1.5298635959625244,1.578874945640564,30.76999855041504,1.0
1.4531383514404297,1.4996446371078491,30.760000228881836,1.0
1.4532783031463623,1.4998141527175903,30.7549991607666,1.0
1.5679234266281128,1.6181221008300781,30.76999855041504,1.0
1.7013323307037354,1.7557499408721924,30.7549991607666,1.0
1.8009251356124878,1.8585138320922852,30.73499870300293,1.0
1.4877439737319946,1.5353806018829346,30.774999618530273,1.0
1.6496284008026123,1.702412486076355,30.75,1.0
1.4355814456939697,1.4814022779464722,30.69999885559082,1.0
1.645596981048584,1.6981736421585083,30.739999771118164,1.0
0.0,0.0,30.7549991607666,1.0
1.5171033143997192,1.5656393766403198,30.75,1.0
1.7104036808013916,1.76514732837677,30.7549991607666,1.0
1.6267508268356323,1.6788835525512695,30.76999855041504,1.0
1.5683627128601074,1.618605375289917,30.774999618530273,1.0
1.5429989099502563,1.5924500226974487,30.779998779296875,1.0
1.640457034111023,1.6929118633270264,30.739999771118164,1.0
1.6529054641723633,1.70583975315094,30.774999618530273,1.0
1.599186897277832,1.650327444076538,30.744998931884766,1.0
1.7354093790054321,1.7908859252929688,30.73499870300293,1.0
1.477097511291504,1.524321436882019,30.739999771118164,1.0
1.7171984910964966,1.7722183465957642,30.774999618530273,1.0
1.5963776111602783,1.6475918292999268,30.78999900817871,1.0
1.4699875116348267,1.5170615911483765,30.764999389648438,1.0
1.517964243888855,1.5665079355239868,30.744998931884766,1.0
1.5761531591415405,1.6265623569488525,30.764999389648438,1.0
1.5487009286880493,1.5983067750930786,30.760000228881836,1.0
1.5788191556930542,1.629306435585022,30.73499870300293,1.0
1.545323371887207,1.594909906387329,30.799999237060547,1.0
1.4817286729812622,1.5291341543197632,30.73499870300293,1.0
1.4873446226119995,1.534995198249817,30.76999855041504,1.0
1.4839801788330078,1.531480073928833,30.764999389648438,1.0
1.5903797149658203,1.6412450075149536,30.73499870300293,1.0
1.4969595670700073,1.544908046722412,30.774999618530273,1.0
1.4758437871932983,1.523093581199646,30.760000228881836,1.0
1.5817161798477173,1.6323798894882202,30.760000228881836,1.0
1.5411384105682373,1.5904650688171387,30.76999855041504,1.0
1.6326903104782104,1.6849393844604492,30.7549991607666,1.0
1.6230361461639404,1.6750177145004272,30.76999855041504,1.0
1.5810449123382568,1.631678819656372,30.774999618530273,1.0
1.6165659427642822,1.6683212518692017,30.760000228881836,1.0
1.5574347972869873,1.6072965860366821,30.774999618530273,1.0
1.554195523262024,1.6039245128631592,30.76999855041504,1.0
1.630364179611206,1.682497262954712,30.7549991607666,1.0
1.5771024227142334,1.6275352239608765,30.75,1.0
1.6899033784866333,1.7439894676208496,30.760000228881836,1.0
1.8144924640655518,1.8725688457489014,30.76999855041504,1.0
1.8103930950164795,1.8683171272277832,30.760000228881836,1.0
1.8610963821411133,1.920579433441162,30.739999771118164,1.0
1.679553508758545,1.7332887649536133,30.75,1.0
1.7423661947250366,1.798043131828308,30.729999542236328,1.0
1.9997055530548096,2.063652992248535,30.75,1.0
1.717795968055725,1.7727543115615845,30.764999389648438,1.0
1.9034947156906128,1.9642744064331055,30.739999771118164,1.0
1.9404534101486206,2.0025885105133057,30.774999618530273,1.0
1.9934290647506714,2.0571517944335938,30.7549991607666,1.0
1.9419307708740234,2.0041468143463135,30.76999855041504,1.0
1.795839786529541,1.8533536195755005,30.774999618530273,1.0
1.9177345037460327,1.9791359901428223,30.76999855041504,1.0
1.9557932615280151,2.0183303356170654,30.744998931884766,1.0
1.9172149896621704,1.9786654710769653,30.774999618530273,1.0
1.825170636177063,1.8835431337356567,30.7549991607666,1.0
1.566300868988037,1.6163650751113892,30.75,1.0
1.5936484336853027,1.6446490287780762,30.76999855041504,1.0
1.8101003170013428,1.8680620193481445,30.774999618530273,1.0
1.8331170082092285,1.8918063640594482,30.774999618530273,1.0
1.9554909467697144,2.0179452896118164,30.73499870300293,1.0
2.118500232696533,2.1861965656280518,30.744998931884766,1.0
1.8424748182296753,1.9013041257858276,30.729999542236328,1.0
1.5061399936676025,1.5543787479400635,30.78499984741211,1.0
1.9162089824676514,1.9775326251983643,30.76999855041504,1.0
1.9458162784576416,2.0081305503845215,30.779998779296875,1.0
1.9458162784576416,2.0081305503845215,30.779998779296875,1.0
1.8490526676177979,1.9082337617874146,30.760000228881836,1.0
2.0341639518737793,2.0991835594177246,30.73499870300293,1.0
2.0352370738983154,2.1003944873809814,30.779998779296875,1.0
1.9802347421646118,2.043611526489258,30.75,1.0
2.0334954261779785,2.0985143184661865,30.75,1.0
2.0892913341522217,2.1561472415924072,30.764999389648438,1.0
2.1327176094055176,2.2009053230285645,30.7549991607666,1.0
1.7676613330841064,1.8242497444152832,30.76999855041504,1.0
1.9316295385360718,1.9933061599731445,30.729999542236328,1.0
1.9415720701217651,2.003741502761841,30.764999389648438,1.0
1.770196557044983,1.8268332481384277,30.75,1.0
1.7118960618972778,1.766594409942627,30.739999771118164,1.0
1.7042858600616455,1.7588627338409424,30.78499984741211,1.0
1.7042858600616455,1.7588627338409424,30.78499984741211,1.0
1.694291591644287,1.7483785152435303,30.73499870300293,1.0
1.543303370475769,1.5925573110580444,30.729999542236328,1.0
1.63004469871521,1.6822195053100586,30.76999855041504,1.0
1.5502290725708008,1.5997542142868042,30.739999771118164,1.0
1.5004658699035645,1.5485341548919678,30.779998779296875,1.0
1.4651762247085571,1.5120116472244263,30.744998931884766,1.0
1.3573970794677734,1.4007433652877808,30.73499870300293,1.0
1.5523091554641724,1.6019327640533447,30.739999771118164,1.0
1.4598225355148315,1.5065168142318726,30.760000228881836,1.0
1.4148589372634888,1.4600237607955933,30.724998474121094,1.0
1.4854614734649658,1.5329936742782593,30.7549991607666,1.0
1.4256559610366821,1.4712598323822021,30.7549991607666,1.0
1.5136486291885376,1.561966896057129,30.724998474121094,1.0
1.5136486291885376,1.561966896057129,30.724998474121094,1.0
1.5938444137573242,1.644714593887329,30.724998474121094,1.0
1.7426667213439941,1.798372745513916,30.744998931884766,1.0
1.6991909742355347,1.7534785270690918,30.73499870300293,1.0
1.4986786842346191,1.5465879440307617,30.7549991607666,1.0
1.6604596376419067,1.7135099172592163,30.73499870300293,1.0
1.5085898637771606,1.5567290782928467,30.71500015258789,1.0
1.5492074489593506,1.5986872911453247,30.73499870300293,1.0
1.6334999799728394,1.6857582330703735,30.760000228881836,1.0
1.4202978610992432,1.4656970500946045,30.73499870300293,1.0
0.0,0.0,30.7549991607666,1.0
1.4505075216293335,1.4968527555465698,30.729999542236328,1.0
0.0,0.0,30.729999542236328,1.0
1.4597504138946533,1.5064157247543335,30.739999771118164,1.0
1.572445273399353,1.6227561235427856,30.75,1.0
1.8122199773788452,1.870195984840393,30.760000228881836,1.0
1.8635032176971436,1.9229679107666016,30.71500015258789,1.0
0.0,0.0,30.724998474121094,1.0
1.7225029468536377,1.777491569519043,30.73499870300293,1.0
1.5939111709594727,1.6448463201522827,30.744998931884766,1.0
1.648782730102539,1.701448917388916,30.739999771118164,1.0
0.0,0.0,30.71500015258789,1.0
1.9197816848754883,1.9811664819717407,30.75,1.0
1.7876524925231934,1.8448001146316528,30.7549991607666,1.0
1.7178797721862793,1.7726361751556396,30.71500015258789,1.0
1.9190995693206787,1.9804269075393677,30.744998931884766,1.0
1.5571101903915405,1.6068511009216309,30.73499870300293,1.0
1.8313572406768799,1.8897778987884521,30.71500015258789,1.0
1.6760574579238892,1.7295269966125488,30.709999084472656,1.0
1.8503957986831665,1.9096156358718872,30.76999855041504,1.0
1.5452812910079956,1.5945892333984375,30.719999313354492,1.0
2.0146968364715576,2.079010248184204,30.739999771118164,1.0
1.9014195203781128,1.962026596069336,30.71500015258789,1.0
2.1294033527374268,2.197375774383545,30.71500015258789,1.0
1.8669910430908203,1.9265899658203125,30.724998474121094,1.0
1.7461721897125244,1.8019171953201294,30.73499870300293,1.0
1.7315455675125122,1.7869179248809814,30.7549991607666,1.0
1.7878223657608032,1.8447906970977783,30.69999885559082,1.0
1.958760380744934,2.0213124752044678,30.73499870300293,1.0
1.735711693763733,1.7911200523376465,30.724998474121094,1.0
1.5327329635620117,1.5817350149154663,30.73499870300293,1.0
1.5819722414016724,1.6324868202209473,30.71500015258789,1.0
2.3163814544677734,2.3904407024383545,30.760000228881836,1.0
2.370718240737915,2.446300983428955,30.709999084472656,1.0
2.425058364868164,2.5025219917297363,30.739999771118164,1.0
2.495401382446289,2.575061559677124,30.724998474121094,1.0
2.1052873134613037,2.172544240951538,30.729999542236328,1.0
1.362899661064148,1.4064372777938843,30.73499870300293,1.0
1.644445538520813,1.697083592414856,30.7549991607666,1.0
1.47809636592865,1.525331974029541,30.729999542236328,1.0
1.6016161441802979,1.6526681184768677,30.69999885559082,1.0
1.626584529876709,1.6785290241241455,30.73499870300293,1.0
1.7153260707855225,1.7700726985931396,30.71500015258789,1.0
1.7922612428665161,1.8494359254837036,30.71500015258789,1.0
1.815555453300476,1.8734362125396729,30.69999885559082,1.0
1.800447940826416,1.8578743934631348,30.71500015258789,1.0
1.564092993736267,1.614007592201233,30.709999084472656,1.0
1.5879164934158325,1.6386375427246094,30.729999542236328,1.0
1.894327998161316,1.9547592401504517,30.69999885559082,1.0
1.5453323125839233,1.5945879220962524,30.689998626708984,1.0
1.37823486328125,1.4221738576889038,30.69999885559082,1.0
2.177375316619873,2.2468245029449463,30.71500015258789,1.0
1.7775192260742188,1.8342148065567017,30.71500015258789,1.0
2.172269105911255,2.241600275039673,30.71500015258789,1.0
2.002279281616211,2.0661065578460693,30.69499969482422,1.0
1.9717400074005127,2.0345568656921387,30.689998626708984,1.0
2.1601243019104004,2.229034423828125,30.71500015258789,1.0
2.108185291290283,2.1755101680755615,30.73499870300293,1.0
2.108185291290283,2.1755101680755615,30.73499870300293,1.0
2.0302844047546387,2.095080852508545,30.704999923706055,1.0
1.7847013473510742,1.841596007347107,30.704999923706055,1.0
2.2737998962402344,2.3462867736816406,30.689998626708984,1.0
1.8513368368148804,1.9104281663894653,30.724998474121094,1.0
1.5571023225784302,1.606762409210205,30.709999084472656,1.0
1.5744903087615967,1.6246702671051025,30.69999885559082,1.0
2.082164764404297,2.1485214233398438,30.689998626708984,1.0
2.133056163787842,2.2010233402252197,30.689998626708984,1.0
1.941233515739441,2.003056049346924,30.67999839782715,1.0
1.8234788179397583,1.8816128969192505,30.69999885559082,1.0
1.9553537368774414,2.0177218914031982,30.71500015258789,1.0
2.3717613220214844,2.447439670562744,30.724998474121094,1.0
2.174631118774414,2.2440342903137207,30.719999313354492,1.0
2.030183792114258,2.095018148422241,30.73499870300293,1.0
1.9994515180587769,2.0632269382476807,30.69999885559082,1.0
1.9401788711547852,2.002063274383545,30.71500015258789,1.0
2.027352809906006,2.0918936729431152,30.684999465942383,1.0
2.027352809906006,2.0918936729431152,30.684999465942383,1.0
2.2241785526275635,2.295076370239258,30.69999885559082,1.0
2.1098430156707764,2.176992416381836,30.66499900817871,1.0
1.7137349843978882,1.7683444023132324,30.69999885559082,1.0
1.8496986627578735,1.9086785316467285,30.69999885559082,1.0
1.9231898784637451,1.9843952655792236,30.670000076293945,1.0
1.9217839241027832,1.983026385307312,30.69499969482422,1.0
2.1319000720977783,2.1998422145843506,30.689998626708984,1.0
2.051201820373535,2.1164920330047607,30.670000076293945,1.0
1.881263256072998,1.9413325786590576,30.73499870300293,1.0
1.8870609998703003,1.9472324848175049,30.69999885559082,1.0
1.57806396484375,1.6284255981445312,30.709999084472656,1.0
1.8416157960891724,1.90024733543396,30.67999839782715,1.0
1.8084274530410767,1.8660887479782104,30.689998626708984,1.0
1.8737000226974487,1.933372139930725,30.67999839782715,1.0
1.6286685466766357,1.6804903745651245,30.65999984741211,1.0
1.7503745555877686,1.8061435222625732,30.670000076293945,1.0
2.1577348709106445,2.2263832092285156,30.654998779296875,1.0
2.1439311504364014,2.2123045921325684,30.69999885559082,1.0
1.9737094640731812,2.036566734313965,30.67999839782715,1.0
2.323270320892334,2.397406816482544,30.704999923706055,1.0
2.2788331508636475,2.3511903285980225,30.64499855041504,1.0
2.2788331508636475,2.3511903285980225,30.64499855041504,1.0
2.056016206741333,2.1214632987976074,30.67999839782715,1.0
1.989112138748169,2.0524227619171143,30.674999237060547,1.0
1.6202962398529053,1.6718709468841553,30.670000076293945,1.0
1.7335067987442017,1.7885757684707642,30.64499855041504,1.0
1.7335067987442017,1.7885757684707642,30.64499855041504,1.0
1.6280851364135742,1.6799992322921753,30.69999885559082,1.0
1.5899888277053833,1.640645146369934,30.674999237060547,1.0
1.803785800933838,1.8611701726913452,30.674999237060547,1.0
1.6964305639266968,1.7503941059112549,30.654998779296875,1.0
1.9548583030700684,2.0172057151794434,30.69499969482422,1.0
1.80985426902771,1.867435336112976,30.654998779296875,1.0
1.9609098434448242,2.0233802795410156,30.67999839782715,1.0
1.8522160053253174,1.9112772941589355,30.684999465942383,1.0
2.063117742538452,2.1288442611694336,30.67999839782715,1.0
2.0240602493286133,2.0884392261505127,30.649999618530273,1.0
1.992496132850647,2.0559322834014893,30.66499900817871,1.0
2.096548557281494,2.1632046699523926,30.64499855041504,1.0
1.9892621040344238,2.0525035858154297,30.649999618530273,1.0
1.667772650718689,1.7208276987075806,30.66499900817871,1.0
1.751979112625122,1.8077069520950317,30.65999984741211,1.0
1.7297536134719849,1.7848039865493774,30.670000076293945,1.0
2.0304296016693115,2.094935178756714,30.639999389648438,1.0
1.8990724086761475,1.9593373537063599,30.60999870300293,1.0
1.6132692098617554,1.6645686626434326,30.64499855041504,1.0
1.5566712617874146,1.6061762571334839,30.649999618530273,1.0
1.783187985420227,1.8398571014404297,30.639999389648438,1.0
0.0,0.0,30.67999839782715,1.0
1.6185364723205566,1.66994309425354,30.619998931884766,1.0
1.7624056339263916,1.8184144496917725,30.639999389648438,1.0
1.983735203742981,2.046764612197876,30.6299991607666,1.0
1.9640353918075562,2.0265188217163086,30.65999984741211,1.0
1.9675060510635376,2.0301434993743896,30.670000076293945,1.0
2.0175881385803223,2.0818064212799072,30.65999984741211,1.0
2.076672077178955,2.142622470855713,30.6299991607666,1.0
2.185265064239502,2.254685878753662,30.64499855041504,1.0
2.1370747089385986,2.2050564289093018,30.639999389648438,1.0
1.8608754873275757,1.9199953079223633,30.625,1.0
1.9968816041946411,2.0603866577148438,30.649999618530273,1.0
1.939890742301941,2.0015039443969727,30.635000228881836,1.0
2.2909295558929443,2.363621950149536,30.619998931884766,1.0
1.9663310050964355,2.0287067890167236,30.614999771118164,1.0
1.6626640558242798,1.7154608964920044,30.625,1.0
1.5952415466308594,1.6458622217178345,30.614999771118164,1.0
1.8811335563659668,1.9409894943237305,30.65999984741211,1.0
1.9326037168502808,1.9939954280853271,30.635000228881836,1.0
1.8695688247680664,1.928948998451233,30.619998931884766,1.0
1.5156655311584473,1.5637948513031006,30.625,1.0
1.6973960399627686,1.7511950731277466,30.59000015258789,1.0
1.8368589878082275,1.8952877521514893,30.64499855041504,1.0
1.7795006036758423,1.8359894752502441,30.625,1.0
1.6824170351028442,1.735838770866394,30.614999771118164,1.0
1.7542181015014648,1.8099374771118164,30.6299991607666,1.0
1.8328510522842407,1.8910797834396362,30.654998779296875,1.0
1.694635272026062,1.7484678030014038,30.635000228881836,1.0
1.764841914176941,1.8208774328231812,30.635000228881836,1.0
1.49260675907135,1.539932370185852,30.614999771118164,1.0
1.49260675907135,1.539932370185852,30.614999771118164,1.0
1.6436097621917725,1.6957319974899292,30.599998474121094,1.0
1.6022404432296753,1.6531296968460083,30.635000228881836,1.0
1.7160180807113647,1.7704362869262695,30.614999771118164,1.0
1.8159235715866089,1.8734885454177856,30.604999542236328,1.0
1.6308069229125977,1.6825729608535767,30.6299991607666,1.0
1.6915048360824585,1.7451257705688477,30.604999542236328,1.0
2.1710407733917236,2.2398741245269775,30.604999542236328,1.0
1.901041865348816,1.9614957571029663,30.654998779296875,1.0
1.7565561532974243,1.812272310256958,30.60999870300293,1.0
1.6021974086761475,1.6530908346176147,30.639999389648438,1.0
1.6079314947128296,1.6589744091033936,30.625,1.0
1.5340003967285156,1.5826256275177002,30.60999870300293,1.0
1.8939458131790161,1.9539134502410889,30.579999923706055,1.0
2.022705554962158,2.087021827697754,30.649999618530273,1.0
1.9986491203308105,2.0620884895324707,30.619998931884766,1.0
1.7377893924713135,1.7929809093475342,30.639999389648438,1.0
1.95266854763031,2.014521837234497,30.599998474121094,1.0
1.744786262512207,1.8000991344451904,30.614999771118164,1.0
1.5685075521469116,1.6183388233184814,30.639999389648438,1.0
1.9484455585479736,2.0101356506347656,30.584999084472656,1.0
1.7748987674713135,1.8312361240386963,30.619998931884766,1.0
1.7390941381454468,1.794238567352295,30.60999870300293,1.0
1.5926063060760498,1.6430922746658325,30.604999542236328,1.0
1.7348384857177734,1.7898274660110474,30.599998474121094,1.0
1.878989338874817,1.9385569095611572,30.614999771118164,1.0
1.6815851926803589,1.7348895072937012,30.594999313354492,1.0
2.1820974349975586,2.2514374256134033,30.649999618530273,1.0
1.447151780128479,1.4929951429367065,30.579999923706055,1.0
1.7594971656799316,1.815288782119751,30.60999870300293,1.0
1.6111111640930176,1.6621150970458984,30.594999313354492,1.0
1.8372348546981812,1.8954949378967285,30.604999542236328,1.0
1.9323621988296509,1.9935925006866455,30.599998474121094,1.0
2.078907012939453,2.1447665691375732,30.604999542236328,1.0
2.1768813133239746,2.2458600997924805,30.584999084472656,1.0
2.038559675216675,2.1031999588012695,30.60999870300293,1.0
1.9837700128555298,2.0466599464416504,30.599998474121094,1.0
2.1263561248779297,2.193910598754883,30.639999389648438,1.0
2.1054956912994385,2.1721620559692383,30.579999923706055,1.0
2.0023672580718994,2.065863847732544,30.604999542236328,1.0
1.8597279787063599,1.91873300075531,30.614999771118164,1.0
2.0692248344421387,2.134841203689575,30.619998931884766,1.0
1.9490485191345215,2.010910987854004,30.60999870300293,1.0
2.000655174255371,2.064100503921509,30.614999771118164,1.0
2.028886556625366,2.0931549072265625,30.599998474121094,1.0
1.9473934173583984,2.009093761444092,30.594999313354492,1.0
1.9197475910186768,1.9804738759994507,30.579999923706055,1.0
1.7682291269302368,1.8242560625076294,30.59000015258789,1.0
1.7321399450302124,1.7870762348175049,30.604999542236328,1.0
1.5829602479934692,1.6330170631408691,30.564998626708984,1.0
1.8529915809631348,1.9117199182510376,30.594999313354492,1.0
1.8700971603393555,1.9291801452636719,30.545000076293945,1.0
1.7666083574295044,1.8226921558380127,30.619998931884766,1.0
1.7799957990646362,1.8364441394805908,30.599998474121094,1.0
1.5911775827407837,1.6415026187896729,30.564998626708984,1.0
1.7234067916870117,1.777931571006775,30.564998626708984,1.0
2.0295286178588867,2.093648672103882,30.545000076293945,1.0
2.425600051879883,2.5023653507232666,30.579999923706055,1.0
2.3509275913238525,2.4252779483795166,30.55499839782715,1.0
2.2370376586914062,2.3078999519348145,30.584999084472656,1.0
1.9375543594360352,1.9990124702453613,30.60999870300293,1.0
1.9924486875534058,2.0555057525634766,30.564998626708984,1.0
1.9924486875534058,2.0555057525634766,30.564998626708984,1.0
2.1136960983276367,2.180755376815796,30.619998931884766,1.0
2.3537604808807373,2.428248405456543,30.56999969482422,1.0
2.2194008827209473,2.289595127105713,30.564998626708984,1.0
2.104292631149292,2.170792818069458,30.549999237060547,1.0
2.0314416885375977,2.09574294090271,30.579999923706055,1.0
2.073737144470215,2.139345645904541,30.564998626708984,1.0
2.1978564262390137,2.267395496368408,30.57499885559082,1.0
2.0478620529174805,2.1127736568450928,30.599998474121094,1.0
1.8825881481170654,1.94212007522583,30.564998626708984,1.0
1.9490562677383423,2.010756254196167,30.584999084472656,1.0
1.9239345788955688,1.984915018081665,30.59000015258789,1.0
2.096451997756958,2.162750720977783,30.559999465942383,1.0
2.0242576599121094,2.088369369506836,30.584999084472656,1.0
1.9482104778289795,2.00992751121521,30.579999923706055,1.0
1.7659995555877686,1.821754813194275,30.53499984741211,1.0
1.8358222246170044,1.8940505981445312,30.599998474121094,1.0
1.7886713743209839,1.8452880382537842,30.579999923706055,1.0
1.8059711456298828,1.8631261587142944,30.579999923706055,1.0
1.742041826248169,1.7971086502075195,30.55499839782715,1.0
1.7091747522354126,1.763275146484375,30.579999923706055,1.0
1.6523044109344482,1.7045851945877075,30.56999969482422,1.0
1.6437067985534668,1.6956651210784912,30.55499839782715,1.0
1.733078122138977,1.7879940271377563,30.599998474121094,1.0
1.6732821464538574,1.7261983156204224,30.559999465942383,1.0
1.6228628158569336,1.6742671728134155,30.59000015258789,1.0
1.651238203048706,1.7034910917282104,30.559999465942383,1.0
1.5150288343429565,1.5629069805145264,30.53499984741211,1.0
1.8308134078979492,1.8887330293655396,30.56999969482422,1.0
1.673744797706604,1.7266786098480225,30.55499839782715,1.0
1.646223545074463,1.698256015777588,30.549999237060547,1.0
1.7475332021713257,1.8027764558792114,30.549999237060547,1.0
1.798490285873413,1.8552345037460327,30.51999855041504,1.0
1.8079941272735596,1.865222454071045,30.579999923706055,1.0
1.696694016456604,1.7503910064697266,30.564998626708984,1.0
1.7624059915542603,1.818086862564087,30.529998779296875,1.0
2.2216432094573975,2.291813850402832,30.53999900817871,1.0
2.022144317626953,2.085934638977051,30.51999855041504,1.0
2.0376055240631104,2.1020572185516357,30.55499839782715,1.0
2.001849889755249,2.0652453899383545,30.579999923706055,1.0
1.600182056427002,1.6507152318954468,30.55499839782715,1.0
1.9553719758987427,2.0169763565063477,30.489999771118164,1.0
2.2077040672302246,2.2774829864501953,30.549999237060547,1.0
2.116737127304077,2.1836090087890625,30.53499984741211,1.0
2.0837268829345703,2.149690628051758,30.56999969482422,1.0
2.1034698486328125,2.1699187755584717,30.53999900817871,1.0
2.1866753101348877,2.2559914588928223,30.579999923706055,1.0
2.034470558166504,2.098698139190674,30.524999618530273,1.0
2.0518300533294678,2.116696834564209,30.545000076293945,1.0
1.7629401683807373,1.8186705112457275,30.549999237060547,1.0
1.7629401683807373,1.8186705112457275,30.549999237060547,1.0
1.8879544734954834,1.9474990367889404,30.510000228881836,1.0
1.7423591613769531,1.7974565029144287,30.564998626708984,1.0
1.5259231328964233,1.5741350650787354,30.53999900817871,1.0
1.6680587530136108,1.720661997795105,30.51999855041504,1.0
1.6266770362854004,1.6780142784118652,30.524999618530273,1.0
1.8072433471679688,1.8642609119415283,30.510000228881836,1.0
1.6838915348052979,1.7370200157165527,30.51999855041504,1.0
1.7552266120910645,1.8107165098190308,30.545000076293945,1.0
1.6181879043579102,1.669163703918457,30.48499870300293,1.0
1.3593064546585083,1.4023395776748657,30.564998626708984,1.0
1.791011095046997,1.8476166725158691,30.53999900817871,1.0
1.654746174812317,1.7070282697677612,30.53999900817871,1.0
1.5905882120132446,1.6407945156097412,30.524999618530273,1.0
1.4662246704101562,1.5125230550765991,30.51999855041504,1.0
1.5401631593704224,1.5888407230377197,30.53999900817871,1.0
1.5160589218139648,1.5638585090637207,30.510000228881836,1.0
1.544745683670044,1.5935105085372925,30.514999389648438,1.0
1.6853898763656616,1.7386142015457153,30.53999900817871,1.0
1.8179248571395874,1.8753749132156372,30.549999237060547,1.0
1.5499776601791382,1.5988786220550537,30.510000228881836,1.0
1.5190210342407227,1.5669655799865723,30.529998779296875,1.0
1.642907977104187,1.6948299407958984,30.545000076293945,1.0
1.7177709341049194,1.772032380104065,30.545000076293945,1.0
1.926138997077942,1.986786127090454,30.48499870300293,1.0
2.082257032394409,2.1479296684265137,30.510000228881836,1.0
1.8566588163375854,1.9152004718780518,30.5049991607666,1.0
1.6796151399612427,1.7326545715332031,30.529998779296875,1.0
1.7337603569030762,1.788429617881775,30.514999389648438,1.0
1.5260952711105347,1.5741596221923828,30.489999771118164,1.0
1.510622262954712,1.5582427978515625,30.510000228881836,1.0
1.6923213005065918,1.7457305192947388,30.510000228881836,1.0
1.3592886924743652,1.4022083282470703,30.510000228881836,1.0
1.6078966856002808,1.658685326576233,30.51999855041504,1.0
1.4937405586242676,1.5409027338027954,30.529998779296875,1.0
1.4306827783584595,1.4759321212768555,30.53499984741211,1.0
1.5646350383758545,1.6141420602798462,30.55499839782715,1.0
1.5867804288864136,1.6369397640228271,30.53999900817871,1.0
1.6209162473678589,1.6721131801605225,30.524999618530273,1.0
1.7704323530197144,1.8263336420059204,30.524999618530273,1.0
1.6994545459747314,1.753048300743103,30.5049991607666,1.0
2.0490493774414062,2.113786458969116,30.529998779296875,1.0
2.0025274753570557,2.065805196762085,30.529998779296875,1.0
1.5961757898330688,1.6465344429016113,30.510000228881836,1.0
1.5762596130371094,1.6259870529174805,30.5,1.0
1.9593833684921265,2.021230697631836,30.524999618530273,1.0
1.9569988250732422,2.0188276767730713,30.529998779296875,1.0
2.1218745708465576,2.1887543201446533,30.479999542236328,1.0
2.1173348426818848,2.184218645095825,30.529998779296875,1.0
1.9914090633392334,2.0543384552001953,30.53999900817871,1.0
2.0435988903045654,2.1081323623657227,30.529998779296875,1.0
1.9374405145645142,1.9985498189926147,30.489999771118164,1.0
2.108081102371216,2.1744821071624756,30.494998931884766,1.0
2.018819570541382,2.0825090408325195,30.5,1.0
2.061488389968872,2.1265411376953125,30.51999855041504,1.0
2.0085840225219727,2.071950674057007,30.5,1.0
2.1141910552978516,2.180874824523926,30.5049991607666,1.0
1.9544662237167358,2.016225576400757,30.514999389648438,1.0
1.830932378768921,1.8887345790863037,30.524999618530273,1.0
1.8068846464157104,1.8639525175094604,30.529998779296875,1.0
1.702681064605713,1.7563449144363403,30.48499870300293,1.0
1.6739757061004639,1.7266836166381836,30.469999313354492,1.0
1.7347798347473145,1.7894082069396973,30.474998474121094,1.0
1.5909647941589355,1.6410967111587524,30.489999771118164,1.0
1.738322138786316,1.79315984249115,30.489999771118164,1.0
1.6026148796081543,1.65309739112854,30.489999771118164,1.0
1.6959402561187744,1.749385952949524,30.479999542236328,1.0
1.9592005014419556,2.020949125289917,30.48499870300293,1.0
1.6673638820648193,1.7199627161026,30.5049991607666,1.0
2.076113224029541,2.1414966583251953,30.494998931884766,1.0
1.9719877243041992,2.0341391563415527,30.48499870300293,1.0
2.2059526443481445,2.2753090858459473,30.454999923706055,1.0
2.0013442039489746,2.064410448074341,30.5,1.0
2.157874584197998,2.2257485389709473,30.474998474121094,1.0
2.098064422607422,2.164168119430542,30.48499870300293,1.0
2.078584909439087,2.144007444381714,30.474998474121094,1.0
1.9792215824127197,2.0417091846466064,30.5049991607666,1.0
2.005054473876953,2.068098306655884,30.44999885559082,1.0
2.0144264698028564,2.078080177307129,30.529998779296875,1.0
1.95753812789917,2.019270896911621,30.5049991607666,1.0
1.9305074214935303,1.9913448095321655,30.494998931884766,1.0
1.9245200157165527,1.9852405786514282,30.51999855041504,1.0
1.791101336479187,1.8474817276000977,30.479999542236328,1.0
1.64739990234375,1.699259638786316,30.474998474121094,1.0
1.7312859296798706,1.7857890129089355,30.48499870300293,1.0
1.6644057035446167,1.7168487310409546,30.494998931884766,1.0
2.219845771789551,2.2898013591766357,30.494998931884766,1.0
1.970758080482483,2.032787322998047,30.459999084472656,1.0
1.9691394567489624,2.0312349796295166,30.494998931884766,1.0
1.9380640983581543,1.9990179538726807,30.454999923706055,1.0
1.745064616203308,1.800153136253357,30.514999389648438,1.0
1.6178474426269531,1.6687629222869873,30.469999313354492,1.0
1.867417335510254,1.9263050556182861,30.494998931884766,1.0
1.6761376857757568,1.729067325592041,30.529998779296875,1.0
1.7062190771102905,1.7599796056747437,30.494998931884766,1.0
1.8016732931137085,1.8584200143814087,30.48499870300293,1.0
1.7630949020385742,1.8185577392578125,30.46500015258789,1.0
2.0618908405303955,2.1268022060394287,30.469999313354492,1.0
2.109015941619873,2.175464630126953,30.48499870300293,1.0
2.058952808380127,2.1238770484924316,30.48499870300293,1.0
2.079439401626587,2.144899606704712,30.474998474121094,1.0
1.9180948734283447,1.978488802909851,30.48499870300293,1.0
2.020967960357666,2.084573984146118,30.46500015258789,1.0
1.6677911281585693,1.7202330827713013,30.459999084472656,1.0
1.7955960035324097,1.8521208763122559,30.474998474121094,1.0
1.8740863800048828,1.9330087900161743,30.454999923706055,1.0
1.8200597763061523,1.8772677183151245,30.46500015258789,1.0
1.934401035308838,1.995275616645813,30.474998474121094,1.0
1.6125690937042236,1.6633377075195312,30.479999542236328,1.0
1.6461870670318604,1.6980057954788208,30.46500015258789,1.0
1.811586618423462,1.8687200546264648,30.48499870300293,1.0
1.8348795175552368,1.892675518989563,30.479999542236328,1.0
1.945251703262329,2.0064549446105957,30.44999885559082,1.0
1.9417082071304321,2.002908945083618,30.479999542236328,1.0
1.884040355682373,1.9433658123016357,30.46500015258789,1.0
2.0453031063079834,2.1097612380981445,30.5049991607666,1.0
2.106144905090332,2.172492265701294,30.48499870300293,1.0
2.1519906520843506,2.219763994216919,30.479999542236328,1.0
2.1100571155548096,2.176445245742798,30.46500015258789,1.0
2.018663167953491,2.0821757316589355,30.46500015258789,1.0
2.0126447677612305,2.075937509536743,30.44999885559082,1.0
1.6003273725509644,1.6506476402282715,30.474998474121094,1.0
1.9043097496032715,1.964231014251709,30.469999313354492,1.0
1.9032182693481445,1.9630693197250366,30.46500015258789,1.0
1.721818447113037,1.7759653329849243,30.44999885559082,1.0
1.804193377494812,1.860964298248291,30.469999313354492,1.0
1.77195405960083,1.8277591466903687,30.46500015258789,1.0
1.5584895610809326,1.6075025796890259,30.459999084472656,1.0
1.8301881551742554,1.8877801895141602,30.46500015258789,1.0
1.978515386581421,2.0407044887542725,30.44999885559082,1.0
2.0382890701293945,2.102280616760254,30.424999237060547,1.0
2.0052130222320557,2.0683062076568604,30.459999084472656,1.0
1.9455485343933105,2.006770610809326,30.46500015258789,1.0
1.7880122661590576,1.8442195653915405,30.439998626708984,1.0
1.9882502555847168,2.050664186477661,30.420000076293945,1.0
1.9569621086120605,2.0184102058410645,30.439998626708984,1.0
1.7668335437774658,1.8223956823349,30.46500015258789,1.0
1.9662823677062988,2.028160333633423,30.474998474121094,1.0
1.9590016603469849,2.0205507278442383,30.42999839782715,1.0
2.040951728820801,2.1051554679870605,30.44999885559082,1.0
2.0234248638153076,2.0869946479797363,30.434999465942383,1.0
2.0234248638153076,2.0869946479797363,30.434999465942383,1.0
2.1840708255767822,2.252694845199585,30.439998626708984,1.0
2.0788533687591553,2.144164562225342,30.434999465942383,1.0
1.9081518650054932,1.968184471130371,30.454999923706055,1.0
1.9903804063796997,2.0529050827026367,30.42999839782715,1.0
1.9806839227676392,2.0429344177246094,30.44499969482422,1.0
1.8853130340576172,1.9444990158081055,30.41499900817871,1.0
1.727703332901001,1.781935691833496,30.40999984741211,1.0
1.6225647926330566,1.673477053642273,30.41499900817871,1.0
1.5322833061218262,1.580500841140747,30.46500015258789,1.0
1.7278105020523071,1.7820781469345093,30.42999839782715,1.0
1.896310567855835,1.955867052078247,30.434999465942383,1.0
2.0312886238098145,2.095181703567505,30.44499969482422,1.0
1.9882031679153442,2.0506863594055176,30.44999885559082,1.0
1.9282848834991455,1.9888660907745361,30.420000076293945,1.0
2.072655439376831,2.137845993041992,30.44999885559082,1.0
1.9405665397644043,2.0014607906341553,30.40999984741211,1.0
2.044019937515259,2.10819149017334,30.424999237060547,1.0
1.7384312152862549,1.792973279953003,30.40999984741211,1.0
1.9172240495681763,1.9774309396743774,30.42999839782715,1.0
1.5253599882125854,1.5733002424240112,30.42999839782715,1.0
1.917380928993225,1.9776453971862793,30.439998626708984,1.0
1.7771042585372925,1.8328688144683838,30.424999237060547,1.0
2.0236101150512695,2.0871996879577637,30.42999839782715,0.8999999761581421
1.9657413959503174,2.0274922847747803,30.42999839782715,1.0
1.6614580154418945,1.7136276960372925,30.424999237060547,1.0
1.5702929496765137,1.6195441484451294,30.39499855041504,1.0
2.0476553440093994,2.1118087768554688,30.389999389648438,1.0
1.5882678031921387,1.6381635665893555,30.439998626708984,1.0
1.6316167116165161,1.6828745603561401,30.424999237060547,1.0
1.9281203746795654,1.9886301755905151,30.42999839782715,1.0
2.05399227142334,2.118683099746704,30.474998474121094,1.0
1.8700616359710693,1.9288417100906372,30.44999885559082,1.0
1.6137908697128296,1.6645047664642334,30.439998626708984,1.0
1.5494635105133057,1.5981563329696655,30.424999237060547,1.0
1.5866271257400513,1.6364820003509521,30.44999885559082,1.0
1.9145634174346924,1.9746874570846558,30.41499900817871,1.0
1.8867453336715698,1.9458705186843872,30.385000228881836,1.0
1.82620108127594,1.8834407329559326,30.40999984741211,1.0
1.9156863689422607,1.9758354425430298,30.42999839782715,1.0
1.9081851243972778,1.968105435371399,30.420000076293945,1.0
1.947068691253662,2.0082099437713623,30.420000076293945,1.0
2.0521538257598877,2.116518497467041,30.39499855041504,1.0
2.0556817054748535,2.1203596591949463,30.44999885559082,1.0
1.931511402130127,1.9921479225158691,30.41499900817871,1.0
1.8122457265853882,1.869064211845398,30.385000228881836,1.0
2.0730507373809814,2.1380808353424072,30.40999984741211,1.0
2.149509906768799,2.216975688934326,30.404998779296875,1.0
2.1660332679748535,2.2341573238372803,30.439998626708984,1.0
1.9652564525604248,2.026911973953247,30.41499900817871,1.0
1.7595603466033936,1.81489098072052,30.454999923706055,1.0
1.9362186193466187,1.9970093965530396,30.420000076293945,1.0
2.0628952980041504,2.1276631355285645,30.420000076293945,1.0
2.0628952980041504,2.1276631355285645,30.420000076293945,1.0
1.9430946111679077,2.004134178161621,30.42999839782715,1.0
1.7872488498687744,1.843298316001892,30.404998779296875,1.0
1.9232367277145386,1.9835216999053955,30.389999389648438,1.0
1.8379335403442383,1.895647644996643,30.434999465942383,1.0
2.0873560905456543,2.1527888774871826,30.399999618530273,1.0
2.247619152069092,2.3181676864624023,30.41499900817871,1.0
2.26699161529541,2.3381404876708984,30.40999984741211,1.0
2.04421329498291,2.1082799434661865,30.389999389648438,1.0
1.8882777690887451,1.9474378824234009,30.389999389648438,1.0
1.8882777690887451,1.9474378824234009,30.389999389648438,1.0
1.8146417140960693,1.871569275856018,30.404998779296875,1.0
1.6981347799301147,1.7513664960861206,30.399999618530273,1.0
1.7492990493774414,1.8041794300079346,30.399999618530273,1.0
1.7314337491989136,1.7858303785324097,30.420000076293945,1.0
1.693325161933899,1.7464640140533447,30.404998779296875,1.0
1.9087018966674805,1.968541145324707,30.389999389648438,1.0
1.717461347579956,1.7712671756744385,30.3799991607666,1.0
2.140852451324463,2.207932949066162,30.39499855041504,1.0
2.033412456512451,2.0972063541412354,30.399999618530273,1.0
2.0627689361572266,2.1274170875549316,30.389999389648438,1.0
2.0275962352752686,2.0912177562713623,30.41499900817871,1.0
2.2199018001556396,2.289440870285034,30.375,1.0
2.2199018001556396,2.289440870285034,30.375,1.0
2.3011634349823,2.373185634613037,30.349998474121094,1.0
2.0380516052246094,2.1019182205200195,30.385000228881836,1.0
2.228792190551758,2.2987987995147705,30.424999237060547,1.0
2.0357460975646973,2.099418878555298,30.364999771118164,1.0
1.861269235610962,1.9196277856826782,30.39499855041504,1.0
2.067819595336914,2.132657527923584,30.404998779296875,1.0
2.1996116638183594,2.2686119079589844,30.40999984741211,1.0
2.006730794906616,2.0695173740386963,30.349998474121094,1.0
2.1350812911987305,2.201970338821411,30.3799991607666,1.0
1.9413278102874756,2.002232789993286,30.399999618530273,1.0
1.7656934261322021,1.8209984302520752,30.369998931884766,1.0
1.8119806051254272,1.8687779903411865,30.389999389648438,1.0
1.7154746055603027,1.7691537141799927,30.354999542236328,1.0
1.5701230764389038,1.6193556785583496,30.389999389648438,1.0
1.6493138074874878,1.7010294198989868,30.389999389648438,1.0
1.6569483280181885,1.7089684009552002,30.40999984741211,1.0
1.9846482276916504,2.046719551086426,30.369998931884766,1.0
1.7957561016082764,1.8519659042358398,30.354999542236328,1.0
1.9501749277114868,2.011300802230835,30.39499855041504,1.0
1.7891712188720703,1.8452777862548828,30.40999984741211,1.0
1.7227603197097778,1.7767497301101685,30.3799991607666,1.0
2.091817855834961,2.157384157180786,30.364999771118164,1.0
1.754387617111206,1.8093055486679077,30.364999771118164,1.0
1.654746651649475,1.706559419631958,30.369998931884766,1.0
1.632084846496582,1.6832433938980103,30.389999389648438,1.0
1.4950504302978516,1.541835069656372,30.349998474121094,1.0
1.502763271331787,1.5498145818710327,30.375,1.0
1.502763271331787,1.5498145818710327,30.375,1.0
1.453323483467102,1.4988737106323242,30.385000228881836,1.0
1.5171717405319214,1.5646846294403076,30.369998931884766,1.0
1.5278257131576538,1.5756797790527344,30.385000228881836,1.0
1.466503620147705,1.5124123096466064,30.35999870300293,1.0
1.466503620147705,1.5124123096466064,30.35999870300293,1.0
1.7776137590408325,1.8332951068878174,30.364999771118164,1.0
1.824454426765442,1.8815813064575195,30.369998931884766,1.0
1.6635174751281738,1.7156413793563843,30.39499855041504,1.0
1.3892580270767212,1.432781457901001,30.3799991607666,1.0
1.5523451566696167,1.6008275747299194,30.31999969482422,1.0
1.5353546142578125,1.5835678577423096,30.404998779296875,1.0
1.5375690460205078,1.5857080221176147,30.349998474121094,1.0
1.455565094947815,1.5011042356491089,30.354999542236328,1.0
1.5021418333053589,1.5491610765457153,30.354999542236328,1.0
1.4397780895233154,1.4847816228866577,30.334999084472656,1.0
1.6531063318252563,1.7049188613891602,30.369998931884766,1.0
1.6382927894592285,1.6894675493240356,30.334999084472656,1.0
1.6992347240447998,1.7525100708007812,30.385000228881836,1.0
1.6992347240447998,1.7525100708007812,30.385000228881836,1.0
1.6406680345535278,1.6919171810150146,30.334999084472656,1.0
1.4569191932678223,1.502485990524292,30.34000015258789,1.0
1.654114842414856,1.7059755325317383,30.385000228881836,1.0
1.675804853439331,1.7284114360809326,30.389999389648438,1.0
1.7418625354766846,1.796305537223816,30.34000015258789,1.0
1.6792662143707275,1.7318642139434814,30.369998931884766,1.0
1.5083215236663818,1.5555572509765625,30.369998931884766,1.0
1.7378904819488525,1.7923039197921753,30.35999870300293,1.0
1.6578665971755981,1.709774374961853,30.375,1.0
1.6119287014007568,1.662420392036438,30.364999771118164,1.0
1.5560921430587769,1.6048160791397095,30.369998931884766,1.0
1.572198748588562,1.6214139461517334,30.349998474121094,1.0
1.572198748588562,1.6214139461517334,30.349998474121094,1.0
1.431778073310852,1.4766168594360352,30.369998931884766,1.0
1.551856517791748,1.6004161834716797,30.354999542236328,1.0
1.543398141860962,1.5917404890060425,30.369998931884766,1.0
1.6892220973968506,1.7421410083770752,30.354999542236328,1.0
1.849316954612732,1.9071497917175293,30.349998474121094,1.0
2.119208812713623,2.1855862140655518,30.385000228881836,1.0
2.2509260177612305,2.321230173110962,30.329999923706055,1.0
2.1041910648345947,2.170055627822876,30.354999542236328,1.0
1.9562458992004395,2.017519474029541,30.369998931884766,1.0
2.105247735977173,2.1710991859436035,30.329999923706055,1.0
1.904397964477539,1.9640086889266968,30.354999542236328,1.0
2.1231579780578613,2.189692497253418,30.369998931884766,1.0
1.9157557487487793,1.9757027626037598,30.34000015258789,1.0
1.5623105764389038,1.6111869812011719,30.344999313354492,1.0
1.6739599704742432,1.7263462543487549,30.35999870300293,1.0
2.248706817626953,2.3192098140716553,30.385000228881836,1.0
2.0867016315460205,2.1520118713378906,30.349998474121094,1.0
2.3214454650878906,2.393988609313965,30.314998626708984,1.0
2.4322853088378906,2.5083823204040527,30.354999542236328,1.0
2.3179259300231934,2.390413522720337,30.349998474121094,1.0
2.0729711055755615,2.137868881225586,30.369998931884766,1.0
2.0729711055755615,2.137868881225586,30.369998931884766,1.0
1.931129813194275,1.9915544986724854,30.344999313354492,1.0
1.7626546621322632,1.8177775144577026,30.349998474121094,1.0
1.6905431747436523,1.7434457540512085,30.349998474121094,1.0
1.7129894495010376,1.7666292190551758,30.364999771118164,1.0
1.7061724662780762,1.7596105337142944,30.35999870300293,1.0
1.9246776103973389,1.9848774671554565,30.334999084472656,1.0
1.8014730215072632,1.8577853441238403,30.344999313354492,1.0
1.7715309858322144,1.8268256187438965,30.329999923706055,1.0
1.4581193923950195,1.5037109851837158,30.349998474121094,1.0
1.5696734189987183,1.6186463832855225,30.309999465942383,1.0
1.7603799104690552,1.8154045343399048,30.349998474121094,1.0
1.8365623950958252,1.894136905670166,30.39499855041504,1.0
1.6363695859909058,1.6874934434890747,30.31999969482422,1.0
1.6363695859909058,1.6874934434890747,30.31999969482422,1.0
1.7551039457321167,1.8099400997161865,30.329999923706055,1.0
1.590863823890686,1.6404954195022583,30.299999237060547,1.0
1.4658873081207275,1.5117372274398804,30.334999084472656,1.0
1.5516971349716187,1.6000748872756958,30.299999237060547,1.0
1.59800124168396,1.6479995250701904,30.349998474121094,1.0
1.7006142139434814,1.7537740468978882,30.329999923706055,1.0
1.5247703790664673,1.572363257408142,30.314998626708984,1.0
1.498323917388916,1.5451143980026245,30.314998626708984,1.0
1.4130443334579468,1.457149863243103,30.314998626708984,1.0
1.353128433227539,1.395334005355835,30.28999900817871,1.0
1.36684250831604,1.4096335172653198,30.369998931884766,1.0
1.4092661142349243,1.4533114433288574,30.329999923706055,1.0
1.5037274360656738,1.5507761240005493,30.349998474121094,1.0
1.6640441417694092,1.7160919904708862,30.334999084472656,1.0
1.6790190935134888,1.7315294742584229,30.344999313354492,1.0
1.9210842847824097,1.9810670614242554,30.314998626708984,1.0
1.5913641452789307,1.640994906425476,30.299999237060547,1.0
1.6709656715393066,1.7232016324996948,30.32499885559082,1.0
1.9237338304519653,1.9838581085205078,30.329999923706055,1.0
1.8738282918930054,1.9323548078536987,30.314998626708984,1.0
1.98171067237854,2.0435898303985596,30.32499885559082,1.0
1.8691661357879639,1.9275561571121216,30.329999923706055,1.0
1.8457823991775513,1.9034324884414673,30.329999923706055,1.0
2.0881643295288086,2.1533567905426025,30.32499885559082,1.0
1.9659063816070557,2.027332305908203,30.32499885559082,1.0
2.0069546699523926,2.0696187019348145,30.314998626708984,1.0
1.8000998497009277,1.8562718629837036,30.295000076293945,1.0
1.9518641233444214,2.012671947479248,30.279998779296875,1.0
2.0096590518951416,2.072322130203247,30.28999900817871,1.0
1.5852971076965332,1.6348198652267456,30.314998626708984,1.0
1.5934637784957886,1.6432576179504395,30.329999923706055,1.0
1.4326812028884888,1.4773752689361572,30.30499839782715,1.0
1.5421035289764404,1.5902374982833862,30.314998626708984,1.0
1.6101887226104736,1.6603846549987793,30.295000076293945,1.0
1.6259191036224365,1.6766774654388428,30.314998626708984,1.0
1.4291566610336304,1.4738576412200928,30.349998474121094,1.0
1.4039050340652466,1.447768211364746,30.329999923706055,1.0
1.8477648496627808,1.905316710472107,30.28499984741211,1.0
1.5877833366394043,1.6373406648635864,30.30499839782715,1.0
1.8552900552749634,1.9132275581359863,30.329999923706055,1.0
1.8403077125549316,1.8977683782577515,30.314998626708984,1.0
1.8688781261444092,1.9272277355194092,30.30499839782715,1.0
1.7275193929672241,1.7813557386398315,30.279998779296875,1.0
1.9977408647537231,2.06005597114563,30.299999237060547,1.0
1.8017557859420776,1.8580584526062012,30.329999923706055,1.0
1.6709250211715698,1.7230966091156006,30.329999923706055,1.0
1.4296824932098389,1.4742439985275269,30.295000076293945,1.0
1.7634636163711548,1.818534016609192,30.314998626708984,1.0
1.5699405670166016,1.6188122034072876,30.274999618530273,1.0
1.9247846603393555,1.9848992824554443,30.31999969482422,1.0
1.6114563941955566,1.661795973777771,30.329999923706055,1.0
1.7066140174865723,1.759934902191162,30.329999923706055,1.0
1.6531106233596802,1.7047404050827026,30.31999969482422,1.0
1.672703504562378,1.7248995304107666,30.309999465942383,1.0
1.5903370380401611,1.6399332284927368,30.28999900817871,1.0
2.0070245265960693,2.069622278213501,30.295000076293945,1.0
1.6527185440063477,1.7042880058288574,30.314998626708984,1.0
1.8988127708435059,1.9580838680267334,30.309999465942383,1.0
1.7057644128799438,1.7589424848556519,30.30499839782715,1.0
1.9110876321792603,1.9706931114196777,30.295000076293945,1.0
1.752250075340271,1.806910753250122,30.295000076293945,1.0
1.5207895040512085,1.5682299137115479,30.295000076293945,1.0
1.5807679891586304,1.6301223039627075,30.30499839782715,1.0
1.5512412786483765,1.5995681285858154,30.279998779296875,1.0
1.6570203304290771,1.7087270021438599,30.309999465942383,1.0
1.4718387126922607,1.5177593231201172,30.309999465942383,1.0
1.4999756813049316,1.5468510389328003,30.32499885559082,1.0
1.5379115343093872,1.5858911275863647,30.299999237060547,1.0
1.5532100200653076,1.6016324758529663,30.28999900817871,1.0
1.4869760274887085,1.5333184003829956,30.28999900817871,1.0
1.5752549171447754,1.6244210004806519,30.30499839782715,1.0
1.6791534423828125,1.7315391302108765,30.314998626708984,1.0
2.0965991020202637,2.162033796310425,30.295000076293945,1.0
1.7711784839630127,1.8264172077178955,30.299999237060547,1.0
1.7788530588150024,1.8343102931976318,30.28999900817871,1.0
1.914873480796814,1.9745128154754639,30.260000228881836,1.0
1.4233077764511108,1.4676415920257568,30.279998779296875,1.0
1.4452831745147705,1.4903974533081055,30.309999465942383,1.0
1.4665851593017578,1.5122872591018677,30.26999855041504,1.0
1.5956621170043945,1.6454514265060425,30.299999237060547,1.0
1.4327306747436523,1.4773753881454468,30.274999618530273,1.0
0.0,0.0,30.299999237060547,1.0
1.5048514604568481,1.5517200231552124,30.28999900817871,1.0
0.0,0.0,30.299999237060547,1.0
1.4833506345748901,1.5296151638031006,30.309999465942383,1.0
0.0,0.0,30.274999618530273,1.0
1.6013678312301636,1.6513407230377197,30.30499839782715,1.0
1.7702374458312988,1.8255466222763062,30.314998626708984,1.0
0.0,0.0,30.295000076293945,1.0
0.0,0.0,30.295000076293945,1.0
1.4514305591583252,1.4966652393341064,30.28999900817871,1.0
1.3668339252471924,1.4095041751861572,30.314998626708984,1.0
1.7743343114852905,1.8296746015548706,30.295000076293945,1.0
1.3554348945617676,1.3977148532867432,30.28499984741211,1.0
1.530959129333496,1.5786879062652588,30.28999900817871,1.0
0.0,0.0,30.309999465942383,1.0
1.3851022720336914,1.428255558013916,30.274999618530273,1.0
1.5683953762054443,1.6173526048660278,30.309999465942383,1.0
1.446075201034546,1.4911528825759888,30.28499984741211,1.0
1.742885947227478,1.7971506118774414,30.274999618530273,1.0
1.7128838300704956,1.7662464380264282,30.279998779296875,1.0
1.631123661994934,1.6818420886993408,30.244998931884766,1.0
1.6595309972763062,1.7112400531768799,30.279998779296875,1.0
1.4356659650802612,1.4803848266601562,30.279998779296875,1.0
1.4160696268081665,1.4601999521255493,30.279998779296875,1.0
1.7156277894973755,1.7690032720565796,30.239999771118164,1.0
1.6075737476348877,1.6576966047286987,30.295000076293945,1.0
1.6174461841583252,1.6678715944290161,30.274999618530273,1.0
1.758410096168518,1.813050389289856,30.244998931884766,1.0
1.6037770509719849,1.6537572145462036,30.279998779296875,1.0
1.9111108779907227,1.9705485105514526,30.239999771118164,1.0
1.811625361442566,1.8680429458618164,30.2549991607666,1.0
1.7359250783920288,1.789981722831726,30.274999618530273,1.0
1.61943781375885,1.66983962059021,30.264999389648438,1.0
1.7494966983795166,1.8039644956588745,30.264999389648438,1.0
1.750408411026001,1.804993748664856,30.295000076293945,1.0
1.8820189237594604,1.9407854080200195,30.309999465942383,1.0
1.7149549722671509,1.7683181762695312,30.2549991607666,1.0
1.6809592247009277,1.7333701848983765,30.295000076293945,1.0
1.6113032102584839,1.66143798828125,30.260000228881836,1.0
1.60752534866333,1.6575894355773926,30.264999389648438,1.0
1.591692566871643,1.641220211982727,30.2549991607666,1.0
1.6641350984573364,1.7160696983337402,30.299999237060547,1.0
1.6914803981781006,1.7442022562026978,30.279998779296875,1.0
1.593644142150879,1.6432406902313232,30.2549991607666,1.0
1.9557033777236938,2.0166473388671875,30.28499984741211,1.0
1.8469393253326416,1.9043967723846436,30.244998931884766,1.0
1.9652066230773926,2.0262463092803955,30.224998474121094,1.0
1.8006591796875,1.8566155433654785,30.239999771118164,1.0
1.6674319505691528,1.7193610668182373,30.295000076293945,1.0
1.549888014793396,1.5981436967849731,30.274999618530273,1.0
1.5797938108444214,1.6289513111114502,30.2549991607666,1.0
1.354032039642334,1.3961784839630127,30.2549991607666,1.0
1.439760446548462,1.484481930732727,30.23499870300293,1.0
1.562097191810608,1.6107890605926514,30.274999618530273,1.0
1.7457937002182007,1.8000479936599731,30.23499870300293,1.0
1.6283912658691406,1.6791354417800903,30.28499984741211,1.0
1.8536627292633057,1.9113798141479492,30.26999855041504,1.0
1.9708744287490845,2.032304525375366,30.295000076293945,1.0
1.609160304069519,1.6593024730682373,30.274999618530273,1.0
1.5936800241470337,1.6434077024459839,30.299999237060547,1.0
1.759436845779419,1.8142646551132202,30.28499984741211,1.0
1.6546483039855957,1.7061691284179688,30.2549991607666,1.0
0.0,0.0,30.2549991607666,1.0
1.5863151550292969,1.6357182264328003,30.279998779296875,1.0
1.9693585634231567,2.0305473804473877,30.224998474121094,1.0
2.0567924976348877,2.1206700801849365,30.219999313354492,1.0
1.5563976764678955,1.6047712564468384,30.239999771118164,1.0
1.8551712036132812,1.9128879308700562,30.2549991607666,1.0
1.7055494785308838,1.7586431503295898,30.260000228881836,1.0
1.9291646480560303,1.9893243312835693,30.295000076293945,1.0
1.6982650756835938,1.7510597705841064,30.23499870300293,1.0
1.9371732473373413,1.9974967241287231,30.274999618530273,1.0
2.0032575130462646,2.065502882003784,30.23499870300293,1.0
1.4940706491470337,1.5405097007751465,30.23499870300293,1.0
1.4588441848754883,1.5041710138320923,30.224998474121094,1.0
1.5625264644622803,1.6111994981765747,30.274999618530273,1.0
1.4376487731933594,1.4822925329208374,30.229999542236328,1.0
1.6666327714920044,1.7185578346252441,30.260000228881836,1.0
1.7539381980895996,1.808496356010437,30.239999771118164,1.0
1.9790810346603394,2.0406458377838135,30.25,1.0
1.98179030418396,2.0434696674346924,30.264999389648438,1.0
1.6591157913208008,1.7106738090515137,30.224998474121094,1.0
1.4123847484588623,1.4561938047409058,30.19999885559082,1.0
1.5121731758117676,1.5590846538543701,30.21500015258789,1.0
1.7261927127838135,1.7797794342041016,30.19999885559082,1.0
1.666333556175232,1.718090295791626,30.224998474121094,1.0
1.6043925285339355,1.6543291807174683,30.244998931884766,1.0
1.5577325820922852,1.606131911277771,30.224998474121094,1.0
0.0,0.0,30.229999542236328,1.0
0.0,0.0,30.25,1.0
1.596928358078003,1.6464285850524902,30.19999885559082,1.0
0.0,0.0,30.21500015258789,1.0
0.0,0.0,30.219999313354492,1.0
1.52397620677948,1.5713527202606201,30.23499870300293,1.0
1.352142095565796,1.394171953201294,30.229999542236328,1.0
0.0,0.0,30.19499969482422,1.0
1.7215898036956787,1.775085687637329,30.244998931884766,1.0
1.5367779731750488,1.5845288038253784,30.23499870300293,1.0
1.5661512613296509,1.6147137880325317,30.184999465942383,1.0
1.4198416471481323,1.463987946510315,30.23499870300293,1.0
0.0,0.0,30.23499870300293,1.0
1.5066800117492676,1.553531289100647,30.239999771118164,1.0
0.0,0.0,30.229999542236328,1.0
1.7457866668701172,1.800023078918457,30.219999313354492,1.0
1.6449213027954102,1.6961472034454346,30.2549991607666,1.0
1.493780493736267,1.5401443243026733,30.21500015258789,1.0
1.3618041276931763,1.4041504859924316,30.239999771118164,1.0
1.5646682977676392,1.6133605241775513,30.244998931884766,1.0
1.4832720756530762,1.529390573501587,30.23499870300293,1.0
1.547280192375183,1.5953967571258545,30.23499870300293,1.0
0.0,0.0,30.204999923706055,1.0
1.3636465072631836,1.4059810638427734,30.19499969482422,1.0
1.4892767667770386,1.535518765449524,30.209999084472656,1.0
0.0,0.0,30.21500015258789,1.0
0.0,0.0,30.219999313354492,1.0
1.5161385536193848,1.5632634162902832,30.23499870300293,1.0
1.4460536241531372,1.4909926652908325,30.23499870300293,1.0
1.470228672027588,1.5158591270446777,30.204999923706055,1.0
1.519901156425476,1.567086100578308,30.209999084472656,1.0
1.5837101936340332,1.6329410076141357,30.224998474121094,1.0
0.0,0.0,30.21500015258789,1.0
1.4206414222717285,1.4648151397705078,30.229999542236328,1.0
1.443416714668274,1.4881120920181274,30.15999984741211,1.0
1.398340106010437,1.441727638244629,30.19999885559082,1.0
0.0,0.0,30.209999084472656,1.0
1.434430480003357,1.4789938926696777,30.219999313354492,1.0
1.4396177530288696,1.4842833280563354,30.204999923706055,1.0
1.3790686130523682,1.4219005107879639,30.21500015258789,1.0
0.0,0.0,30.209999084472656,1.0
1.5272096395492554,1.5745491981506348,30.170000076293945,1.0
1.3660897016525269,1.4084903001785278,30.21500015258789,1.0
1.421413540840149,1.4655576944351196,30.23499870300293,1.0
1.6530418395996094,1.7043403387069702,30.21500015258789,1.0
0.0,0.0,30.184999465942383,1.0
0.0,0.0,30.189998626708984,1.0
1.671993374824524,1.7239142656326294,30.21500015258789,1.0
1.527017593383789,1.5743688344955444,30.209999084472656,1.0
1.5141348838806152,1.5612282752990723,30.25,1.0
1.6659605503082275,1.7176518440246582,30.19999885559082,1.0
1.676711916923523,1.7287793159484863,30.21500015258789,1.0
1.5654014348983765,1.6139484643936157,30.19999885559082,1.0
1.53260338306427,1.5800811052322388,30.17999839782715,1.0
1.5171005725860596,1.5641059875488281,30.17999839782715,1.0
1.3904271125793457,1.4335263967514038,30.19999885559082,1.0
1.5715758800506592,1.6203306913375854,30.19999885559082,1.0
1.4468694925308228,1.4917628765106201,30.19999885559082,1.0
0.0,0.0,30.184999465942383,1.0
1.4082973003387451,1.4520416259765625,30.219999313354492,1.0
1.431502103805542,1.4758648872375488,30.189998626708984,1.0
0.0,0.0,30.189998626708984,1.0
0.0,0.0,30.19499969482422,1.0
1.353609323501587,1.3955446481704712,30.174999237060547,1.0
1.4553911685943604,1.5005239248275757,30.204999923706055,1.0
0.0,0.0,30.19999885559082,1.0
0.0,0.0,30.15999984741211,1.0
0.0,0.0,30.174999237060547,1.0
1.3964805603027344,1.4398128986358643,30.19499969482422,1.0
1.4452638626098633,1.4900777339935303,30.19999885559082,1.0
0.0,0.0,30.17999839782715,1.0
1.3695447444915771,1.411989688873291,30.19999885559082,1.0
0.0,0.0,30.154998779296875,1.0
1.5290374755859375,1.5765297412872314,30.224998474121094,1.0
1.3547000885009766,1.3966182470321655,30.16499900817871,1.0
1.6286832094192505,1.6791291236877441,30.17999839782715,1.0
1.450547456741333,1.4955008029937744,30.174999237060547,1.0
1.6940503120422363,1.7465354204177856,30.184999465942383,1.0
1.687703251838684,1.740017294883728,30.19999885559082,1.0
0.0,0.0,30.17999839782715,1.0
0.0,0.0,30.19999885559082,1.0
0.0,0.0,30.189998626708984,1.0
0.0,0.0,30.184999465942383,1.0
1.8493765592575073,1.9067211151123047,30.19999885559082,1.0
1.7270432710647583,1.7804476022720337,30.149999618530273,1.0
1.9806898832321167,2.0421605110168457,30.19499969482422,1.0
1.749186635017395,1.8032429218292236,30.14499855041504,1.0
1.5557211637496948,1.603849172592163,30.154998779296875,1.0
1.5994956493377686,1.6490674018859863,30.184999465942383,1.0
1.5897037982940674,1.6389397382736206,30.184999465942383,1.0
1.591383457183838,1.6406877040863037,30.184999465942383,1.0
1.567169427871704,1.6156487464904785,30.15999984741211,1.0
1.6425926685333252,1.6935477256774902,30.204999923706055,1.0
1.8897532224655151,1.9482691287994385,30.174999237060547,1.0
1.5579020977020264,1.6060973405838013,30.170000076293945,1.0
1.370265245437622,1.4127027988433838,30.15999984741211,1.0
1.7523353099822998,1.806611180305481,30.17999839782715,1.0
1.7628852128982544,1.8175092935562134,30.174999237060547,1.0
1.6766328811645508,1.7285012006759644,30.170000076293945,1.0
1.6519262790679932,1.7029684782028198,30.14499855041504,1.0
1.5495009422302246,1.597578763961792,30.21500015258789,1.0
1.4501615762710571,1.4951423406600952,30.19999885559082,1.0
1.5975182056427002,1.6470260620117188,30.189998626708984,1.0
1.5975182056427002,1.6470260620117188,30.189998626708984,1.0
1.5932908058166504,1.6426843404769897,30.174999237060547,1.0
1.6249146461486816,1.6752994060516357,30.184999465942383,1.0
1.8829976320266724,1.9413528442382812,30.189998626708984,1.0
1.9511719942092896,2.0115604400634766,30.15999984741211,1.0
1.899120807647705,1.9578977823257446,30.174999237060547,1.0
2.7314369678497314,2.815993070602417,30.170000076293945,1.0
2.181039333343506,2.248530864715576,30.15999984741211,1.0
2.1746838092803955,2.241971015930176,30.170000076293945,1.0
1.5846511125564575,1.6336580514907837,30.139999389648438,1.0
0.0,0.0,30.16499900817871,1.0
0.0,0.0,30.174999237060547,1.0
0.0,0.0,30.154998779296875,1.0
0.0,0.0,30.17999839782715,1.0
0.0,0.0,30.17999839782715,1.0
0.0,0.0,30.15999984741211,1.0
0.0,0.0,30.174999237060547,1.0
0.0,0.0,30.17999839782715,1.0
0.0,0.0,30.135000228881836,1.0
0.0,0.0,30.170000076293945,1.0
0.0,0.0,30.170000076293945,1.0
0.0,0.0,30.139999389648438,1.0
0.0,0.0,30.16499900817871,1.0
0.0,0.0,30.170000076293945,1.0
0.0,0.0,30.154998779296875,1.0
2.049044370651245,2.112447500228882,30.16499900817871,1.0
0.0,0.0,30.149999618530273,1.0
1.367136836051941,1.4094210863113403,30.15999984741211,1.0
1.523980736732483,1.5711469650268555,30.174999237060547,1.0
0.0,0.0,30.104999542236328,1.0
0.0,0.0,30.14499855041504,1.0
2.02825665473938,2.0908610820770264,30.119998931884766,1.0
1.8441282510757446,1.901136875152588,30.15999984741211,1.0
1.5844285488128662,1.6335060596466064,30.189998626708984,1.0
1.54114830493927,1.5888876914978027,30.184999465942383,1.0
1.647802472114563,1.6987335681915283,30.15999984741211,1.0
1.621263861656189,1.671391248703003,30.15999984741211,1.0
0.0,0.0,30.149999618530273,1.0
0.0,0.0,30.139999389648438,1.0
0.0,0.0,30.154998779296875,1.0
1.3702164888381958,1.4125772714614868,30.139999389648438,1.0
0.0,0.0,30.1299991607666,1.0
1.7154353857040405,1.7684307098388672,30.1299991607666,1.0
1.9958384037017822,2.057598352432251,30.15999984741211,1.0
0.0,0.0,30.15999984741211,1.0
0.0,0.0,30.135000228881836,1.0
0.0,0.0,30.16499900817871,1.0
2.0894811153411865,2.15419602394104,30.139999389648438,1.0
1.9089094400405884,1.9679179191589355,30.119998931884766,1.0
1.9606118202209473,2.021399974822998,30.119998931884766,1.0
2.1849708557128906,2.2527663707733154,30.139999389648438,1.0
2.29148006439209,2.3627026081085205,30.135000228881836,1.0
2.1220505237579346,2.187971353530884,30.10999870300293,1.0
1.7207064628601074,1.7743796110153198,30.154998779296875,1.0
1.8026398420333862,1.8588100671768188,30.14499855041504,1.0
2.1364190578460693,2.203038215637207,30.125,1.0
2.517564296722412,2.596184253692627,30.139999389648438,1.0
2.6003313064575195,2.6815457344055176,30.114999771118164,1.0
2.471034288406372,2.548433780670166,30.149999618530273,1.0
2.3282172679901123,2.4013471603393555,30.135000228881836,1.0
2.553267240524292,2.6335437297821045,30.16499900817871,1.0
2.717038154602051,2.8027544021606445,30.125,1.0
2.553511619567871,2.6339025497436523,30.119998931884766,1.0
2.3890817165374756,2.464458703994751,30.14499855041504,1.0
2.5476834774017334,2.628183364868164,30.1299991607666,1.0
2.552788257598877,2.6336288452148438,30.119998931884766,1.0
2.502291440963745,2.5815021991729736,30.139999389648438,1.0
2.5825679302215576,2.66447114944458,30.135000228881836,1.0
2.4456217288970947,2.5234131813049316,30.114999771118164,1.0
2.4314157962799072,2.5089056491851807,30.114999771118164,1.0
2.4135055541992188,2.4903879165649414,30.099998474121094,1.0
2.48063588142395,2.559992551803589,30.125,1.0
2.627995491027832,2.712080478668213,30.094999313354492,1.0
2.4533770084381104,2.5321476459503174,30.1299991607666,1.0
2.5355186462402344,2.616678476333618,30.1299991607666,1.0
2.5191104412078857,2.599897623062134,30.104999542236328,1.0
2.7315988540649414,2.8196592330932617,30.125,1.0
2.508314609527588,2.5892834663391113,30.149999618530273,1.0
2.473649740219116,2.5534167289733887,30.099998474121094,1.0
2.785346031188965,2.8756420612335205,30.125,1.0
2.6944541931152344,2.7818310260772705,30.125,1.0
2.7143094539642334,2.8025970458984375,30.10999870300293,1.0
2.3822455406188965,2.459535598754883,30.10999870300293,1.0
2.420133352279663,2.498894453048706,30.104999542236328,1.0
2.5740227699279785,2.658066511154175,30.10999870300293,1.0
2.663975238800049,2.7508065700531006,30.064998626708984,1.0
2.488340377807617,2.5695877075195312,30.079999923706055,1.0
2.3450541496276855,2.421786308288574,30.045000076293945,1.0
2.5903592109680176,2.6755073070526123,30.099998474121094,1.0
2.757100820541382,2.8475496768951416,30.094999313354492,1.0
2.5644705295562744,2.648854970932007,30.119998931884766,1.0
2.847705125808716,2.941882371902466,30.09000015258789,1.0
3.0827062129974365,3.184713363647461,30.094999313354492,1.0
2.4822189807891846,2.5645315647125244,30.084999084472656,1.0
3.0018470287323,3.101430892944336,30.119998931884766,1.0
2.8206214904785156,2.9142332077026367,30.094999313354492,1.0
2.7610063552856445,2.85306715965271,30.10999870300293,1.0
2.701364278793335,2.7913081645965576,30.06999969482422,1.0
2.7765722274780273,2.8694217205047607,30.084999084472656,1.0
2.754708766937256,2.8469982147216797,30.084999084472656,1.0
3.16133975982666,3.267336845397949,30.125,1.0
3.7245562076568604,3.849778890609741,30.114999771118164,1.0
3.831897497177124,3.96055269241333,30.084999084472656,1.0
3.8457531929016113,3.974665880203247,30.03499984741211,1.0
4.43557071685791,4.584067344665527,30.064998626708984,1.0
6.134558200836182,6.339632034301758,30.029998779296875,1.0
9.776996612548828,10.102845191955566,30.079999923706055,1.0
14.071078300476074,14.54528522491455,30.064998626708984,1.0
13.369098663330078,13.820306777954102,30.014999389648438,1.0
13.914389610290527,14.38507080078125,30.045000076293945,1.0
14.078673362731934,14.555014610290527,30.024999618530273,1.0
14.042448043823242,14.51762866973877,30.05499839782715,1.0
14.230287551879883,14.71099853515625,30.014999389648438,1.0
14.25057315826416,14.731842994689941,30.024999618530273,1.0
14.334508895874023,14.817545890808105,30.029998779296875,1.0
14.512284278869629,14.999642372131348,29.989999771118164,1.0
15.029354095458984,15.533636093139648,29.98499870300293,1.0
14.925317764282227,15.4251127243042,29.954999923706055,1.0
15.142251968383789,15.649009704589844,29.994998931884766,1.0
15.241924285888672,15.75244426727295,29.974998474121094,1.0
15.761262893676758,16.289857864379883,29.969999313354492,1.0
15.555193901062012,16.0765380859375,29.92999839782715,1.0
15.973052978515625,16.513591766357422,29.989999771118164,1.0
15.140256881713867,15.653495788574219,29.92999839782715,1.0
14.952042579650879,15.462589263916016,29.94999885559082,1.0
15.914451599121094,16.458667755126953,29.90999984741211,1.0
16.263347625732422,16.82329750061035,29.89499855041504,1.0
15.909829139709473,16.462169647216797,29.904998779296875,1.0
13.394388198852539,13.861536979675293,29.89499855041504,1.0
14.191398620605469,14.686349868774414,29.8799991607666,1.0
15.584869384765625,16.128034591674805,29.889999389648438,1.0
15.75036334991455,16.29930305480957,29.875,1.0
15.88491439819336,16.438535690307617,29.889999389648438,1.0
15.28752613067627,15.818857192993164,29.854999542236328,1.0
14.316884994506836,14.814058303833008,29.849998474121094,1.0
15.0490083694458,15.570281982421875,29.889999389648438,1.0
15.892683029174805,16.439416885375977,29.869998931884766,1.0
16.622982025146484,17.19036865234375,29.82499885559082,1.0
16.93948745727539,17.514453887939453,29.834999084472656,1.0
16.185340881347656,16.731889724731445,29.814998626708984,1.0
16.824737548828125,17.39167022705078,29.854999542236328,1.0
16.091442108154297,16.630619049072266,29.81999969482422,1.0
16.091840744018555,16.628835678100586,29.82499885559082,1.0
15.842140197753906,16.368553161621094,29.844999313354492,1.0
16.276453018188477,16.8135986328125,29.814998626708984,1.0
15.697965621948242,16.216503143310547,29.814998626708984,1.0
15.4541015625,15.964569091796875,29.774999618530273,1.0
15.178256034851074,15.678609848022461,29.78499984741211,1.0
14.94126033782959,15.435112953186035,29.78499984741211,1.0
16.080066680908203,16.610153198242188,29.7549991607666,1.0
15.456396102905273,15.966663360595703,29.764999389648438,1.0
15.590561866760254,16.105815887451172,29.779998779296875,1.0
15.431568145751953,15.94135570526123,29.774999618530273,1.0
15.873783111572266,16.397172927856445,29.75,1.0
15.635254859924316,16.150217056274414,29.73499870300293,1.0
14.46004581451416,14.936294555664062,29.75,1.0
14.778998374938965,15.26591968536377,29.774999618530273,1.0
15.76321029663086,16.281070709228516,29.73499870300293,1.0
15.577506065368652,16.08941650390625,29.75,1.0
15.267353057861328,15.767949104309082,29.724998474121094,1.0
14.86376953125,15.352303504943848,29.75,1.0
14.862229347229004,15.350438117980957,29.71500015258789,1.0
14.98025131225586,15.473742485046387,29.7549991607666,1.0
15.112773895263672,15.609576225280762,29.704999923706055,1.0
15.322298049926758,15.826773643493652,29.719999313354492,1.0
15.691150665283203,16.2062931060791,29.67999839782715,1.0
15.106528282165527,15.603875160217285,29.709999084472656,1.0
15.563946723937988,16.076160430908203,29.71500015258789,1.0
15.34370231628418,15.84782600402832,29.69499969482422,1.0
16.07230567932129,16.599817276000977,29.674999237060547,1.0
15.888904571533203,16.410547256469727,29.704999923706055,1.0
15.439733505249023,15.94649887084961,29.69999885559082,1.0
15.223243713378906,15.723583221435547,29.689998626708984,1.0
15.027551651000977,15.521255493164062,29.670000076293945,1.0
14.914215087890625,15.404951095581055,29.71500015258789,1.0
15.09727954864502,15.59284782409668,29.689998626708984,1.0
15.754936218261719,16.2708797454834,29.64499855041504,1.0
15.346611976623535,15.85093879699707,29.69999885559082,1.0
14.664776802062988,15.14677906036377,29.670000076293945,1.0
15.256082534790039,15.758933067321777,29.684999465942383,1.0
14.885517120361328,15.375715255737305,29.67999839782715,1.0
15.105873107910156,15.602344512939453,29.65999984741211,1.0
15.190289497375488,15.689607620239258,29.674999237060547,1.0
15.394397735595703,15.900506019592285,29.674999237060547,1.0
15.389724731445312,15.895123481750488,29.65999984741211,1.0
15.501153945922852,16.009754180908203,29.670000076293945,1.0
14.675095558166504,15.157118797302246,29.670000076293945,1.0
15.152168273925781,15.647899627685547,29.670000076293945,1.0
15.938515663146973,16.459665298461914,29.66499900817871,1.0
16.18309211730957,16.71329689025879,29.670000076293945,1.0
15.369272232055664,15.87218189239502,29.654998779296875,1.0
15.180285453796387,15.677096366882324,29.625,1.0
15.431428909301758,15.936846733093262,29.654998779296875,1.0
15.132701873779297,15.627899169921875,29.635000228881836,1.0
14.891215324401855,15.38021469116211,29.674999237060547,1.0
14.741127967834473,15.224244117736816,29.625,1.0
14.416240692138672,14.888901710510254,29.64499855041504,1.0
15.637639045715332,16.150047302246094,29.639999389648438,1.0
14.752947807312012,15.2361421585083,29.625,1.0
14.844369888305664,15.33127212524414,29.619998931884766,1.0
14.808710098266602,15.295812606811523,29.649999618530273,1.0
14.585843086242676,15.064567565917969,29.604999542236328,1.0
15.649345397949219,16.163511276245117,29.60999870300293,1.0
14.993670463562012,15.486063003540039,29.60999870300293,1.0
14.300970077514648,14.771047592163086,29.639999389648438,1.0
15.450072288513184,15.956396102905273,29.639999389648438,1.0
15.371315956115723,15.873763084411621,29.6299991607666,1.0
16.02823829650879,16.55251121520996,29.639999389648438,1.0
15.894388198852539,16.41407012939453,29.619998931884766,1.0
14.787973403930664,15.27138614654541,29.579999923706055,1.0
14.749617576599121,15.23323917388916,29.619998931884766,1.0
14.802864074707031,15.288863182067871,29.64499855041504,1.0
14.869003295898438,15.357029914855957,29.599998474121094,1.0
14.721475601196289,15.205180168151855,29.64499855041504,1.0
15.162534713745117,15.660943984985352,29.635000228881836,1.0
16.054689407348633,16.5815486907959,29.599998474121094,1.0
15.09854507446289,15.595105171203613,29.64499855041504,1.0
15.09854507446289,15.595105171203613,29.64499855041504,1.0
14.692219734191895,15.174152374267578,29.625,1.0
14.9965181350708,15.486236572265625,29.599998474121094,1.0
15.633000373840332,16.1446533203125,29.60999870300293,1.0
15.685643196105957,16.197956085205078,29.639999389648438,1.0
15.740364074707031,16.255924224853516,29.654998779296875,1.0
15.535008430480957,16.042675018310547,29.619998931884766,1.0
15.734807014465332,16.24744415283203,29.564998626708984,1.0
15.25120735168457,15.748942375183105,29.60999870300293,1.0
14.925521850585938,15.41291332244873,29.599998474121094,1.0
15.454795837402344,15.960349082946777,29.599998474121094,1.0
15.425762176513672,15.929624557495117,29.59000015258789,1.0
14.666034698486328,15.144630432128906,29.559999465942383,1.0
14.982868194580078,15.472892761230469,29.6299991607666,1.0
14.978487014770508,15.467836380004883,29.584999084472656,1.0
15.327796936035156,15.829294204711914,29.594999313354492,1.0
15.293251037597656,15.794867515563965,29.639999389648438,1.0
14.701032638549805,15.181490898132324,29.579999923706055,1.0
14.744080543518066,15.22723388671875,29.60999870300293,1.0
14.52008056640625,14.996423721313477,29.594999313354492,1.0
14.290731430053711,14.759571075439453,29.604999542236328,1.0
14.705731391906738,15.187451362609863,29.584999084472656,1.0
15.126246452331543,15.620540618896484,29.57499885559082,1.0
15.40286636352539,15.906318664550781,29.60999870300293,1.0
15.678529739379883,16.1910457611084,29.614999771118164,1.0
15.353784561157227,15.854320526123047,29.57499885559082,1.0
15.442097663879395,15.946565628051758,29.614999771118164,1.0
14.80062484741211,15.284215927124023,29.599998474121094,1.0
14.919998168945312,15.407415390014648,29.584999084472656,1.0
15.386690139770508,15.888537406921387,29.559999465942383,1.0
15.014824867248535,15.50748062133789,29.604999542236328,1.0
13.92555046081543,14.38207721710205,29.60999870300293,1.0
16.201993942260742,16.733007431030273,29.604999542236328,1.0
16.201993942260742,16.733007431030273,29.604999542236328,1.0
15.826895713806152,16.344205856323242,29.564998626708984,1.0
15.643184661865234,16.154512405395508,29.57499885559082,1.0
15.683646202087402,16.19723892211914,29.594999313354492,1.0
15.45947551727295,15.965224266052246,29.584999084472656,1.0
15.88003921508789,16.40024185180664,29.635000228881836,1.0
15.80700969696045,16.324207305908203,29.584999084472656,1.0
16.119455337524414,16.64740562438965,29.579999923706055,1.0
15.717635154724121,16.231609344482422,29.579999923706055,1.0
15.903861999511719,16.423816680908203,29.584999084472656,1.0
15.144524574279785,15.64038372039795,29.579999923706055,1.0
15.119730949401855,15.614516258239746,29.584999084472656,1.0
14.464336395263672,14.937670707702637,29.584999084472656,1.0
14.46364974975586,14.938005447387695,29.599998474121094,1.0
14.701597213745117,15.182750701904297,29.559999465942383,1.0
14.42685604095459,14.899065971374512,29.564998626708984,1.0
14.42685604095459,14.899065971374512,29.564998626708984,1.0
14.653142929077148,15.132254600524902,29.559999465942383,1.0
14.157702445983887,14.622389793395996,29.584999084472656,1.0
14.169373512268066,14.633692741394043,29.559999465942383,1.0
14.089966773986816,14.551824569702148,29.57499885559082,1.0
14.439308166503906,14.912686347961426,29.59000015258789,1.0
14.366065979003906,14.836676597595215,29.57499885559082,1.0
14.50129508972168,14.975253105163574,29.579999923706055,1.0
15.40566635131836,15.907936096191406,29.559999465942383,1.0
15.703067779541016,16.215402603149414,29.579999923706055,1.0
15.341391563415527,15.842348098754883,29.59000015258789,1.0
15.341391563415527,15.842348098754883,29.59000015258789,1.0
15.322192192077637,15.821029663085938,29.545000076293945,1.0
15.449109077453613,15.953371047973633,29.584999084472656,1.0
14.918102264404297,15.405338287353516,29.599998474121094,1.0
14.871681213378906,15.35715103149414,29.57499885559082,1.0
14.712285041809082,15.192022323608398,29.559999465942383,1.0
14.748907089233398,15.230369567871094,29.559999465942383,1.0
14.886896133422852,15.372761726379395,29.549999237060547,1.0
15.492692947387695,15.998391151428223,29.524999618530273,1.0
14.67102336883545,15.150025367736816,29.529998779296875,1.0
14.364058494567871,14.834243774414062,29.55499839782715,1.0
14.771612167358398,15.254916191101074,29.524999618530273,1.0
14.530942916870117,15.00664234161377,29.545000076293945,1.0
14.672445297241211,15.153429985046387,29.564998626708984,1.0
14.94999885559082,15.440235137939453,29.564998626708984,1.0
13.980711936950684,14.439330101013184,29.57499885559082,1.0
13.745269775390625,14.194904327392578,29.56999969482422,1.0
15.535300254821777,16.041372299194336,29.559999465942383,1.0
15.871628761291504,16.388763427734375,29.56999969482422,1.0
15.406323432922363,15.908638000488281,29.579999923706055,1.0
15.204972267150879,15.701168060302734,29.584999084472656,1.0
15.154667854309082,15.649646759033203,29.564998626708984,1.0
14.79709243774414,15.281561851501465,29.57499885559082,1.0
14.5892972946167,15.065861701965332,29.55499839782715,1.0
14.745774269104004,15.228211402893066,29.55499839782715,1.0
14.652358055114746,15.132011413574219,29.57499885559082,1.0
14.446247100830078,14.919503211975098,29.564998626708984,1.0
14.842288970947266,15.3291015625,29.584999084472656,1.0
15.308090209960938,15.808552742004395,29.549999237060547,1.0
15.473886489868164,15.979424476623535,29.53999900817871,1.0
14.927486419677734,15.415016174316406,29.55499839782715,1.0
14.901299476623535,15.388558387756348,29.57499885559082,1.0
15.530754089355469,16.03784942626953,29.564998626708984,1.0
15.998132705688477,16.519794464111328,29.56999969482422,1.0
15.8868989944458,16.405643463134766,29.57499885559082,1.0
15.666116714477539,16.1781063079834,29.594999313354492,1.0
15.388906478881836,15.89100170135498,29.545000076293945,1.0
14.835884094238281,15.31964111328125,29.584999084472656,1.0
14.889396667480469,15.374442100524902,29.55499839782715,1.0
15.372089385986328,15.87370777130127,29.545000076293945,1.0
14.41305923461914,14.88466739654541,29.56999969482422,1.0
14.227941513061523,14.692739486694336,29.545000076293945,1.0
15.243306159973145,15.742032051086426,29.549999237060547,1.0
14.539936065673828,15.015753746032715,29.545000076293945,1.0
14.030898094177246,14.48889446258545,29.545000076293945,1.0
14.560956001281738,15.035101890563965,29.51999855041504,1.0
15.757987976074219,16.27145767211914,29.545000076293945,1.0
15.76435661315918,16.278438568115234,29.545000076293945,1.0
15.269742965698242,15.768898963928223,29.56999969482422,1.0
15.251264572143555,15.749191284179688,29.55499839782715,1.0
15.189244270324707,15.685356140136719,29.559999465942383,1.0
15.131258010864258,15.62623119354248,29.564998626708984,1.0
15.35898208618164,15.860322952270508,29.545000076293945,1.0
15.315674781799316,15.817126274108887,29.56999969482422,1.0
15.085256576538086,15.578470230102539,29.53999900817871,1.0
15.504545211791992,16.011859893798828,29.56999969482422,1.0
15.537723541259766,16.044418334960938,29.529998779296875,1.0
15.925313949584961,16.444421768188477,29.55499839782715,1.0
16.07906723022461,16.602413177490234,29.545000076293945,1.0
15.84566879272461,16.362747192382812,29.584999084472656,1.0
15.38252067565918,15.883955001831055,29.579999923706055,1.0
14.908026695251465,15.394476890563965,29.59000015258789,1.0
14.702701568603516,15.183649063110352,29.564998626708984,1.0
14.008203506469727,14.465754508972168,29.56999969482422,1.0
14.242813110351562,14.708124160766602,29.564998626708984,1.0
14.66388988494873,15.144368171691895,29.584999084472656,1.0
14.373396873474121,14.84431266784668,29.564998626708984,1.0
13.961647033691406,14.418233871459961,29.545000076293945,1.0
14.196104049682617,14.660677909851074,29.53999900817871,1.0
14.900589942932129,15.388140678405762,29.53999900817871,1.0
14.601183891296387,15.079590797424316,29.545000076293945,1.0
14.891334533691406,15.37948226928711,29.545000076293945,1.0
14.326726913452148,14.795913696289062,29.559999465942383,1.0
14.861616134643555,15.347014427185059,29.545000076293945,1.0
16.261327743530273,16.791208267211914,29.53999900817871,1.0
14.123991966247559,14.585556030273438,29.564998626708984,1.0
10.94796371459961,11.305947303771973,29.56999969482422,1.0
7.929744720458984,8.191678047180176,29.564998626708984,1.0
5.369556427001953,5.547615051269531,29.594999313354492,1.0
0.0,0.0,29.59000015258789,1.0
0.0,0.0,29.614999771118164,1.0
1.6491053104400635,1.7032767534255981,29.584999084472656,1.0
0.0,0.0,29.599998474121094,1.0
3.8510241508483887,3.976418972015381,29.564998626708984,1.0
1.8360921144485474,1.8956305980682373,29.579999923706055,1.0
5.747280120849609,5.932981014251709,29.599998474121094,1.0
6.3851094245910645,6.590463161468506,29.599998474121094,1.0
3.889881134033203,4.014664649963379,29.584999084472656,1.0
2.9295716285705566,3.0233020782470703,29.59000015258789,1.0
0.0,0.0,29.594999313354492,1.0
0.0,0.0,29.599998474121094,1.0
0.0,0.0,29.599998474121094,1.0
0.0,0.0,29.604999542236328,1.0
0.0,0.0,29.594999313354492,1.0
4.173958778381348,4.303644180297852,29.60999870300293,1.0
1.3640154600143433,1.406101107597351,29.594999313354492,1.0
1.3640154600143433,1.406101107597351,29.594999313354492,1.0
0.0,0.0,29.599998474121094,1.0
2.7327024936676025,2.8167967796325684,29.635000228881836,1.0
0.0,0.0,29.619998931884766,1.0
2.322453498840332,2.3927416801452637,29.635000228881836,1.0
0.0,0.0,29.604999542236328,1.0
0.0,0.0,29.614999771118164,1.0
2.1297380924224854,2.1938183307647705,29.639999389648438,1.0
0.0,0.0,29.64499855041504,1.0
0.0,0.0,29.65999984741211,1.0
0.0,0.0,29.67999839782715,1.0
0.0,0.0,29.649999618530273,1.0
0.0,0.0,29.619998931884766,1.0
0.0,0.0,29.639999389648438,1.0
0.0,0.0,29.614999771118164,1.0
